Title,URL handle,Description,Vendor,Type,Tags,Published on online store,Status,SKU,Option1 name,Option1 value,Price,Inventory tracker,Inventory quantity,Continue selling when out of stock,Charge tax,Requires shipping,Weight value (grams),Weight unit for display,Collection,Product image URL,Image position,Image alt text,Product language (product.metafields.pokeplay.language),Set name (product.metafields.pokeplay.set_name),Product format (product.metafields.pokeplay.format),Release date (product.metafields.pokeplay.release_date)
[QA] Pokemon 151 Elite Trainer Box,qa-pokemon-151-elite-trainer-box,QA dummy product for storefront layout and checkout tests. Not real inventory. Delete before launch.,QA,Sealed Product,"qa-only, qa, english, elite-trainer-box",true,active,PP-QA-EN-151-ETB-001,Title,Default Title,49.99,shopify,8,deny,true,true,680,g,English,https://images.pokemontcg.io/sv3pt5/1_hires.png,1,QA stand-in card art for 151 Elite Trainer Box,English,151,Elite Trainer Box,2023-09-22
[QA] Pokemon 151 Booster Bundle,qa-pokemon-151-booster-bundle,QA dummy product for storefront layout and checkout tests. Not real inventory. Delete before launch.,QA,Sealed Product,"qa-only, qa, english, bundle",true,active,PP-QA-EN-151-BND-001,Title,Default Title,27.99,shopify,10,deny,true,true,350,g,English,https://images.pokemontcg.io/sv3pt5/1_hires.png,1,QA stand-in card art for 151 Bundle,English,151,Bundle,2023-09-22
[QA] Prismatic Evolutions Elite Trainer Box,qa-prismatic-evolutions-elite-trainer-box-en,QA dummy product for storefront layout and checkout tests. Not real inventory. Delete before launch.,QA,Sealed Product,"qa-only, qa, english, elite-trainer-box",true,active,PP-QA-EN-PRISMATI-ETB-001,Title,Default Title,54.99,shopify,6,deny,true,true,700,g,English,https://images.pokemontcg.io/sv8pt5/1_hires.png,1,QA stand-in card art for Prismatic Evolutions Elite Trainer Box,English,Prismatic Evolutions,Elite Trainer Box,2025-01-17
[QA] Prismatic Evolutions Booster Bundle,qa-prismatic-evolutions-booster-bundle-en,QA dummy product for storefront layout and checkout tests. Not real inventory. Delete before launch.,QA,Sealed Product,"qa-only, qa, english, bundle",true,active,PP-QA-EN-PRISMATI-BND-001,Title,Default Title,29.99,shopify,9,deny,true,true,360,g,English,https://images.pokemontcg.io/sv8pt5/1_hires.png,1,QA stand-in card art for Prismatic Evolutions Bundle,English,Prismatic Evolutions,Bundle,2025-01-17
[QA] Surging Sparks Booster Box,qa-surging-sparks-booster-box-en,QA dummy product for storefront layout and checkout tests. Not real inventory. Delete before launch.,QA,Sealed Product,"qa-only, qa, english, booster-box",true,active,PP-QA-EN-SURGINGS-BBX-001,Title,Default Title,149.99,shopify,4,deny,true,true,1200,g,English,https://images.pokemontcg.io/sv8/1_hires.png,1,QA stand-in card art for Surging Sparks Booster Box,English,Surging Sparks,Booster Box,2024-11-08
[QA] Surging Sparks Elite Trainer Box,qa-surging-sparks-elite-trainer-box,QA dummy product for storefront layout and checkout tests. Not real inventory. Delete before launch.,QA,Sealed Product,"qa-only, qa, english, elite-trainer-box",true,active,PP-QA-EN-SURGINGS-ETB-001,Title,Default Title,49.99,shopify,7,deny,true,true,680,g,English,https://images.pokemontcg.io/sv8/1_hires.png,1,QA stand-in card art for Surging Sparks Elite Trainer Box,English,Surging Sparks,Elite Trainer Box,2024-11-08
[QA] Stellar Crown Booster Box,qa-stellar-crown-booster-box,QA dummy product for storefront layout and checkout tests. Not real inventory. Delete before launch.,QA,Sealed Product,"qa-only, qa, english, booster-box",true,active,PP-QA-EN-STELLARC-BBX-001,Title,Default Title,144.99,shopify,3,deny,true,true,1180,g,English,https://images.pokemontcg.io/sv7/1_hires.png,1,QA stand-in card art for Stellar Crown Booster Box,English,Stellar Crown,Booster Box,2024-09-13
[QA] Destined Rivals Elite Trainer Box,qa-destined-rivals-elite-trainer-box,QA dummy product for storefront layout and checkout tests. Not real inventory. Delete before launch.,QA,Sealed Product,"qa-only, qa, english, elite-trainer-box",true,active,PP-QA-EN-DESTINED-ETB-001,Title,Default Title,49.99,shopify,8,deny,true,true,680,g,English,https://images.pokemontcg.io/sv10/1_hires.png,1,QA stand-in card art for Destined Rivals Elite Trainer Box,English,Destined Rivals,Elite Trainer Box,2025-05-30
[QA] Journey Together Booster Bundle,qa-journey-together-booster-bundle,QA dummy product for storefront layout and checkout tests. Not real inventory. Delete before launch.,QA,Sealed Product,"qa-only, qa, english, bundle",true,active,PP-QA-EN-JOURNEYT-BND-001,Title,Default Title,26.99,shopify,11,deny,true,true,340,g,English,https://images.pokemontcg.io/sv9/1_hires.png,1,QA stand-in card art for Journey Together Bundle,English,Journey Together,Bundle,2025-03-28
[QA] Twilight Masquerade Booster Box,qa-twilight-masquerade-booster-box,QA dummy product for storefront layout and checkout tests. Not real inventory. Delete before launch.,QA,Sealed Product,"qa-only, qa, english, booster-box",true,active,PP-QA-EN-TWILIGHT-BBX-001,Title,Default Title,159.99,shopify,2,deny,true,true,1220,g,English,https://images.pokemontcg.io/sv6/1_hires.png,1,QA stand-in card art for Twilight Masquerade Booster Box,English,Twilight Masquerade,Booster Box,2024-05-24
[QA] Paldean Fates Elite Trainer Box,qa-paldean-fates-elite-trainer-box,QA dummy product for storefront layout and checkout tests. Not real inventory. Delete before launch.,QA,Sealed Product,"qa-only, qa, english, elite-trainer-box",true,active,PP-QA-EN-PALDEANF-ETB-001,Title,Default Title,59.99,shopify,5,deny,true,true,710,g,English,https://images.pokemontcg.io/sv4pt5/1_hires.png,1,QA stand-in card art for Paldean Fates Elite Trainer Box,English,Paldean Fates,Elite Trainer Box,2024-01-26
[QA] Crown Zenith Elite Trainer Box,qa-crown-zenith-elite-trainer-box-en,QA dummy product for storefront layout and checkout tests. Not real inventory. Delete before launch.,QA,Sealed Product,"qa-only, qa, english, elite-trainer-box",true,active,PP-QA-EN-CROWNZEN-ETB-001,Title,Default Title,54.99,shopify,6,deny,true,true,690,g,English,https://images.pokemontcg.io/swsh12pt5/1_hires.png,1,QA stand-in card art for Crown Zenith Elite Trainer Box,English,Crown Zenith,Elite Trainer Box,2023-01-20
[QA] Evolving Skies Booster Box,qa-evolving-skies-booster-box,QA dummy product for storefront layout and checkout tests. Not real inventory. Delete before launch.,QA,Sealed Product,"qa-only, qa, english, booster-box",true,active,PP-QA-EN-EVOLVING-BBX-001,Title,Default Title,149.99,shopify,1,deny,true,true,1250,g,English,https://images.pokemontcg.io/swsh7/1_hires.png,1,QA stand-in card art for Evolving Skies Booster Box,English,Evolving Skies,Booster Box,2021-08-27
[QA] Celebrations Deluxe Pin Collection,qa-celebrations-deluxe-pin-collection,QA dummy product for storefront layout and checkout tests. Not real inventory. Delete before launch.,QA,Sealed Product,"qa-only, qa, english, collection-box",true,active,PP-QA-EN-CELEBRAT-BOX-001,Title,Default Title,29.99,shopify,12,deny,true,true,480,g,English,https://images.pokemontcg.io/cel25/1_hires.png,1,QA stand-in card art for Celebrations Collection Box,English,Celebrations,Collection Box,2021-10-08
[QA] Scarlet & Violet Elite Trainer Box,qa-scarlet-violet-elite-trainer-box,QA dummy product for storefront layout and checkout tests. Not real inventory. Delete before launch.,QA,Sealed Product,"qa-only, qa, english, elite-trainer-box",true,active,PP-QA-EN-SCARLETV-ETB-001,Title,Default Title,49.99,shopify,7,deny,true,true,680,g,English,https://images.pokemontcg.io/sv1/1_hires.png,1,QA stand-in card art for Scarlet & Violet Elite Trainer Box,English,Scarlet & Violet,Elite Trainer Box,2023-03-31
[QA] Mega Evolution Elite Trainer Box,qa-mega-evolution-elite-trainer-box,QA dummy product for storefront layout and checkout tests. Not real inventory. Delete before launch.,QA,Sealed Product,"qa-only, qa, english, elite-trainer-box",true,active,PP-QA-EN-MEGAEVOL-ETB-001,Title,Default Title,54.99,shopify,9,deny,true,true,700,g,English,https://images.pokemontcg.io/me1/1_hires.png,1,QA stand-in card art for Mega Evolution Elite Trainer Box,English,Mega Evolution,Elite Trainer Box,2025-09-26
[QA] Black Bolt Elite Trainer Box,qa-black-bolt-elite-trainer-box,QA dummy product for storefront layout and checkout tests. Not real inventory. Delete before launch.,QA,Sealed Product,"qa-only, qa, english, elite-trainer-box",true,active,PP-QA-EN-BLACKBOL-ETB-001,Title,Default Title,49.99,shopify,8,deny,true,true,680,g,English,https://images.pokemontcg.io/zsv10pt5/1_hires.png,1,QA stand-in card art for Black Bolt Elite Trainer Box,English,Black Bolt,Elite Trainer Box,2025-07-18
[QA] White Flare Booster Bundle,qa-white-flare-booster-bundle,QA dummy product for storefront layout and checkout tests. Not real inventory. Delete before launch.,QA,Sealed Product,"qa-only, qa, english, bundle",true,active,PP-QA-EN-WHITEFLA-BND-001,Title,Default Title,27.99,shopify,10,deny,true,true,350,g,English,https://images.pokemontcg.io/rsv10pt5/1_hires.png,1,QA stand-in card art for White Flare Bundle,English,White Flare,Bundle,2025-07-18
[QA] Obsidian Flames Booster Pack,qa-obsidian-flames-booster-pack,QA dummy product for storefront layout and checkout tests. Not real inventory. Delete before launch.,QA,Sealed Product,"qa-only, qa, english, pack",true,active,PP-QA-EN-OBSIDIAN-PK-001,Title,Default Title,4.99,shopify,24,deny,true,true,20,g,English,https://images.pokemontcg.io/sv3/1_hires.png,1,QA stand-in card art for Obsidian Flames Pack,English,Obsidian Flames,Pack,2023-08-11
[QA] Shining Fates Mini Tin,qa-shining-fates-mini-tin,QA dummy product for storefront layout and checkout tests. Not real inventory. Delete before launch.,QA,Sealed Product,"qa-only, qa, english, tin",true,active,PP-QA-EN-SHININGF-TIN-001,Title,Default Title,14.99,shopify,15,deny,true,true,220,g,English,https://images.pokemontcg.io/swsh45/1_hires.png,1,QA stand-in card art for Shining Fates Tin,English,Shining Fates,Tin,2021-02-19
[QA] Pokemon Card 151 Booster Box,qa-pokemon-card-151-booster-box-jp,QA dummy product for storefront layout and checkout tests. Not real inventory. Delete before launch.,QA,Sealed Product,"qa-only, qa, japanese, booster-box",true,active,PP-QA-JP-POKEMONC-BBX-001,Title,Default Title,89.99,shopify,5,deny,true,true,950,g,Japanese,https://images.pokemontcg.io/sv3pt5/1_hires.png,1,QA stand-in card art for Pokemon Card 151 Booster Box,Japanese,Pokemon Card 151,Booster Box,2023-06-16
[QA] Pokemon Card 151 Enhanced Expansion Pack,qa-pokemon-card-151-enhanced-expansion-pack,QA dummy product for storefront layout and checkout tests. Not real inventory. Delete before launch.,QA,Sealed Product,"qa-only, qa, japanese, bundle",true,active,PP-QA-JP-POKEMONC-BND-001,Title,Default Title,34.99,shopify,8,deny,true,true,280,g,Japanese,https://images.pokemontcg.io/sv3pt5/1_hires.png,1,QA stand-in card art for Pokemon Card 151 Bundle,Japanese,Pokemon Card 151,Bundle,2023-06-16
[QA] Terastal Festival ex High Class Box,qa-terastal-festival-ex-high-class-box,QA dummy product for storefront layout and checkout tests. Not real inventory. Delete before launch.,QA,Sealed Product,"qa-only, qa, japanese, booster-box",true,active,PP-QA-JP-TERASTAL-BBX-001,Title,Default Title,109.99,shopify,4,deny,true,true,900,g,Japanese,https://images.pokemontcg.io/sv8pt5/1_hires.png,1,QA stand-in card art for Terastal Festival ex Booster Box,Japanese,Terastal Festival ex,Booster Box,2024-12-06
[QA] Super Electric Breaker Booster Box,qa-super-electric-breaker-booster-box,QA dummy product for storefront layout and checkout tests. Not real inventory. Delete before launch.,QA,Sealed Product,"qa-only, qa, japanese, booster-box",true,active,PP-QA-JP-SUPERELE-BBX-001,Title,Default Title,79.99,shopify,6,deny,true,true,920,g,Japanese,https://images.pokemontcg.io/sv8/1_hires.png,1,QA stand-in card art for Super Electric Breaker Booster Box,Japanese,Super Electric Breaker,Booster Box,2024-11-08
[QA] Paradise Dragona Booster Box,qa-paradise-dragona-booster-box,QA dummy product for storefront layout and checkout tests. Not real inventory. Delete before launch.,QA,Sealed Product,"qa-only, qa, japanese, booster-box",true,active,PP-QA-JP-PARADISE-BBX-001,Title,Default Title,79.99,shopify,5,deny,true,true,920,g,Japanese,https://images.pokemontcg.io/sv7/1_hires.png,1,QA stand-in card art for Paradise Dragona Booster Box,Japanese,Paradise Dragona,Booster Box,2024-09-13
[QA] Night Wanderer Booster Box,qa-night-wanderer-booster-box,QA dummy product for storefront layout and checkout tests. Not real inventory. Delete before launch.,QA,Sealed Product,"qa-only, qa, japanese, booster-box",true,active,PP-QA-JP-NIGHTWAN-BBX-001,Title,Default Title,84.99,shopify,4,deny,true,true,930,g,Japanese,https://images.pokemontcg.io/sv6pt5/1_hires.png,1,QA stand-in card art for Night Wanderer Booster Box,Japanese,Night Wanderer,Booster Box,2024-08-02
[QA] Crimson Haze Booster Box,qa-crimson-haze-booster-box,QA dummy product for storefront layout and checkout tests. Not real inventory. Delete before launch.,QA,Sealed Product,"qa-only, qa, japanese, booster-box",true,active,PP-QA-JP-CRIMSONH-BBX-001,Title,Default Title,79.99,shopify,6,deny,true,true,920,g,Japanese,https://images.pokemontcg.io/sv5/1_hires.png,1,QA stand-in card art for Crimson Haze Booster Box,Japanese,Crimson Haze,Booster Box,2024-03-22
[QA] Shiny Treasure ex High Class Box,qa-shiny-treasure-ex-high-class-box,QA dummy product for storefront layout and checkout tests. Not real inventory. Delete before launch.,QA,Sealed Product,"qa-only, qa, japanese, booster-box",true,active,PP-QA-JP-SHINYTRE-BBX-001,Title,Default Title,99.99,shopify,3,deny,true,true,940,g,Japanese,https://images.pokemontcg.io/sv4pt5/1_hires.png,1,QA stand-in card art for Shiny Treasure ex Booster Box,Japanese,Shiny Treasure ex,Booster Box,2024-01-26
[QA] VSTAR Universe High Class Box,qa-vstar-universe-high-class-box,QA dummy product for storefront layout and checkout tests. Not real inventory. Delete before launch.,QA,Sealed Product,"qa-only, qa, japanese, booster-box",true,active,PP-QA-JP-VSTARUNI-BBX-001,Title,Default Title,94.99,shopify,4,deny,true,true,960,g,Japanese,https://images.pokemontcg.io/swsh12pt5/1_hires.png,1,QA stand-in card art for VSTAR Universe Booster Box,Japanese,VSTAR Universe,Booster Box,2023-01-20
[QA] Battle Partners Booster Box,qa-battle-partners-booster-box,QA dummy product for storefront layout and checkout tests. Not real inventory. Delete before launch.,QA,Sealed Product,"qa-only, qa, japanese, booster-box",true,active,PP-QA-JP-BATTLEPA-BBX-001,Title,Default Title,79.99,shopify,7,deny,true,true,920,g,Japanese,https://images.pokemontcg.io/sv9/1_hires.png,1,QA stand-in card art for Battle Partners Booster Box,Japanese,Battle Partners,Booster Box,2025-03-28
[QA] Heat Wave Arena Booster Box,qa-heat-wave-arena-booster-box,QA dummy product for storefront layout and checkout tests. Not real inventory. Delete before launch.,QA,Sealed Product,"qa-only, qa, japanese, booster-box",true,active,PP-QA-JP-HEATWAVE-BBX-001,Title,Default Title,79.99,shopify,5,deny,true,true,920,g,Japanese,https://images.pokemontcg.io/sv10/1_hires.png,1,QA stand-in card art for Heat Wave Arena Booster Box,Japanese,Heat Wave Arena,Booster Box,2025-05-30
[QA] Mega Brave Booster Box,qa-mega-brave-booster-box,QA dummy product for storefront layout and checkout tests. Not real inventory. Delete before launch.,QA,Sealed Product,"qa-only, qa, japanese, booster-box",true,active,PP-QA-JP-MEGAEVOL-BBX-001,Title,Default Title,84.99,shopify,6,deny,true,true,930,g,Japanese,https://images.pokemontcg.io/me1/1_hires.png,1,QA stand-in card art for Mega Evolution Booster Box,Japanese,Mega Evolution,Booster Box,2025-09-26
[QA] Pokemon GO Booster Box,qa-pokemon-go-booster-box,QA dummy product for storefront layout and checkout tests. Not real inventory. Delete before launch.,QA,Sealed Product,"qa-only, qa, japanese, booster-box",true,active,PP-QA-JP-POKEMONG-BBX-001,Title,Default Title,74.99,shopify,4,deny,true,true,900,g,Japanese,https://images.pokemontcg.io/pgo/1_hires.png,1,QA stand-in card art for Pokemon GO Booster Box,Japanese,Pokemon GO,Booster Box,2022-07-01
[QA] Pokemon Card 151 Starter Set Collection,qa-pokemon-card-151-starter-set-collection,QA dummy product for storefront layout and checkout tests. Not real inventory. Delete before launch.,QA,Sealed Product,"qa-only, qa, japanese, collection-box",true,active,PP-QA-JP-POKEMONC-BOX-001,Title,Default Title,39.99,shopify,9,deny,true,true,520,g,Japanese,https://images.pokemontcg.io/sv3pt5/1_hires.png,1,QA stand-in card art for Pokemon Card 151 Collection Box,Japanese,Pokemon Card 151,Collection Box,2023-06-16
[QA] Pokemon Card 151 Gift Box,qa-pokemon-card-151-gift-box,QA dummy product for storefront layout and checkout tests. Not real inventory. Delete before launch.,QA,Sealed Product,"qa-only, qa, simplified-chinese, collection-box",true,active,PP-QA-SC-POKEMONC-BOX-001,Title,Default Title,42.99,shopify,8,deny,true,true,540,g,Simplified Chinese,https://images.pokemontcg.io/sv3pt5/1_hires.png,1,QA stand-in card art for Pokemon Card 151 Collection Box,Simplified Chinese,Pokemon Card 151,Collection Box,2023-09-22
[QA] Pokemon Card 151 Booster Box,qa-pokemon-card-151-booster-box-sc,QA dummy product for storefront layout and checkout tests. Not real inventory. Delete before launch.,QA,Sealed Product,"qa-only, qa, simplified-chinese, booster-box",true,active,PP-QA-SC-POKEMONC-BBX-001,Title,Default Title,92.99,shopify,4,deny,true,true,980,g,Simplified Chinese,https://images.pokemontcg.io/sv3pt5/1_hires.png,1,QA stand-in card art for Pokemon Card 151 Booster Box,Simplified Chinese,Pokemon Card 151,Booster Box,2023-09-22
[QA] Pokemon Card 151 Mini Tin,qa-pokemon-card-151-mini-tin,QA dummy product for storefront layout and checkout tests. Not real inventory. Delete before launch.,QA,Sealed Product,"qa-only, qa, simplified-chinese, tin",true,active,PP-QA-SC-POKEMONC-TIN-001,Title,Default Title,16.99,shopify,12,deny,true,true,230,g,Simplified Chinese,https://images.pokemontcg.io/sv3pt5/1_hires.png,1,QA stand-in card art for Pokemon Card 151 Tin,Simplified Chinese,Pokemon Card 151,Tin,2023-09-22
[QA] Gem Pack Volume 2 Booster Box,qa-gem-pack-volume-2-booster-box,QA dummy product for storefront layout and checkout tests. Not real inventory. Delete before launch.,QA,Sealed Product,"qa-only, qa, simplified-chinese, booster-box",true,active,PP-QA-SC-GEMPACK-BBX-001,Title,Default Title,88.99,shopify,5,deny,true,true,970,g,Simplified Chinese,https://images.pokemontcg.io/sv8/1_hires.png,1,QA stand-in card art for Gem Pack Booster Box,Simplified Chinese,Gem Pack,Booster Box,2024-11-08
[QA] Shining Together Collection Box,qa-shining-together-collection-box,QA dummy product for storefront layout and checkout tests. Not real inventory. Delete before launch.,QA,Sealed Product,"qa-only, qa, simplified-chinese, collection-box",true,active,PP-QA-SC-SHININGT-BOX-001,Title,Default Title,36.99,shopify,7,deny,true,true,500,g,Simplified Chinese,https://images.pokemontcg.io/sv4pt5/1_hires.png,1,QA stand-in card art for Shining Together Collection Box,Simplified Chinese,Shining Together,Collection Box,2024-01-26
[QA] Stellar Crown Trainer Box,qa-stellar-crown-trainer-box,QA dummy product for storefront layout and checkout tests. Not real inventory. Delete before launch.,QA,Sealed Product,"qa-only, qa, simplified-chinese, elite-trainer-box",true,active,PP-QA-SC-STELLARC-ETB-001,Title,Default Title,46.99,shopify,6,deny,true,true,660,g,Simplified Chinese,https://images.pokemontcg.io/sv7/1_hires.png,1,QA stand-in card art for Stellar Crown Elite Trainer Box,Simplified Chinese,Stellar Crown,Elite Trainer Box,2024-09-13
[QA] Prismatic Evolutions Booster Bundle,qa-prismatic-evolutions-booster-bundle-sc,QA dummy product for storefront layout and checkout tests. Not real inventory. Delete before launch.,QA,Sealed Product,"qa-only, qa, simplified-chinese, bundle",true,active,PP-QA-SC-PRISMATI-BND-001,Title,Default Title,28.99,shopify,9,deny,true,true,340,g,Simplified Chinese,https://images.pokemontcg.io/sv8pt5/1_hires.png,1,QA stand-in card art for Prismatic Evolutions Bundle,Simplified Chinese,Prismatic Evolutions,Bundle,2025-01-17
[QA] Destined Rivals Booster Pack,qa-destined-rivals-booster-pack,QA dummy product for storefront layout and checkout tests. Not real inventory. Delete before launch.,QA,Sealed Product,"qa-only, qa, simplified-chinese, pack",true,active,PP-QA-SC-DESTINED-PK-001,Title,Default Title,5.49,shopify,20,deny,true,true,22,g,Simplified Chinese,https://images.pokemontcg.io/sv10/1_hires.png,1,QA stand-in card art for Destined Rivals Pack,Simplified Chinese,Destined Rivals,Pack,2025-05-30
[QA] Paldea Evolved Booster Box,qa-paldea-evolved-booster-box,QA dummy product for storefront layout and checkout tests. Not real inventory. Delete before launch.,QA,Sealed Product,"qa-only, qa, simplified-chinese, booster-box",true,active,PP-QA-SC-PALDEAEV-BBX-001,Title,Default Title,86.99,shopify,3,deny,true,true,990,g,Simplified Chinese,https://images.pokemontcg.io/sv2/1_hires.png,1,QA stand-in card art for Paldea Evolved Booster Box,Simplified Chinese,Paldea Evolved,Booster Box,2023-06-09
[QA] Celebrations Mini Tin,qa-celebrations-mini-tin,QA dummy product for storefront layout and checkout tests. Not real inventory. Delete before launch.,QA,Sealed Product,"qa-only, qa, simplified-chinese, tin",true,active,PP-QA-SC-CELEBRAT-TIN-001,Title,Default Title,15.99,shopify,11,deny,true,true,210,g,Simplified Chinese,https://images.pokemontcg.io/cel25/1_hires.png,1,QA stand-in card art for Celebrations Tin,Simplified Chinese,Celebrations,Tin,2021-10-08
[QA] Stellar Miracle Booster Box,qa-stellar-miracle-booster-box,QA dummy product for storefront layout and checkout tests. Not real inventory. Delete before launch.,QA,Sealed Product,"qa-only, qa, traditional-chinese, booster-box",true,active,PP-QA-TC-STELLARM-BBX-001,Title,Default Title,89.99,shopify,5,deny,true,true,960,g,Traditional Chinese,https://images.pokemontcg.io/sv7/1_hires.png,1,QA stand-in card art for Stellar Miracle Booster Box,Traditional Chinese,Stellar Miracle,Booster Box,2024-09-13
[QA] Prismatic Evolutions Elite Trainer Box,qa-prismatic-evolutions-elite-trainer-box-tc,QA dummy product for storefront layout and checkout tests. Not real inventory. Delete before launch.,QA,Sealed Product,"qa-only, qa, traditional-chinese, elite-trainer-box",true,active,PP-QA-TC-PRISMATI-ETB-001,Title,Default Title,52.99,shopify,6,deny,true,true,690,g,Traditional Chinese,https://images.pokemontcg.io/sv8pt5/1_hires.png,1,QA stand-in card art for Prismatic Evolutions Elite Trainer Box,Traditional Chinese,Prismatic Evolutions,Elite Trainer Box,2025-01-17
[QA] Pokemon Card 151 Collection Box,qa-pokemon-card-151-collection-box,QA dummy product for storefront layout and checkout tests. Not real inventory. Delete before launch.,QA,Sealed Product,"qa-only, qa, traditional-chinese, collection-box",true,active,PP-QA-TC-POKEMONC-BOX-001,Title,Default Title,41.99,shopify,8,deny,true,true,530,g,Traditional Chinese,https://images.pokemontcg.io/sv3pt5/1_hires.png,1,QA stand-in card art for Pokemon Card 151 Collection Box,Traditional Chinese,Pokemon Card 151,Collection Box,2023-09-22
[QA] Surging Sparks Booster Box,qa-surging-sparks-booster-box-tc,QA dummy product for storefront layout and checkout tests. Not real inventory. Delete before launch.,QA,Sealed Product,"qa-only, qa, traditional-chinese, booster-box",true,active,PP-QA-TC-SURGINGS-BBX-001,Title,Default Title,91.99,shopify,4,deny,true,true,980,g,Traditional Chinese,https://images.pokemontcg.io/sv8/1_hires.png,1,QA stand-in card art for Surging Sparks Booster Box,Traditional Chinese,Surging Sparks,Booster Box,2024-11-08
[QA] Twilight Masquerade Booster Bundle,qa-twilight-masquerade-booster-bundle,QA dummy product for storefront layout and checkout tests. Not real inventory. Delete before launch.,QA,Sealed Product,"qa-only, qa, traditional-chinese, bundle",true,active,PP-QA-TC-TWILIGHT-BND-001,Title,Default Title,27.49,shopify,10,deny,true,true,345,g,Traditional Chinese,https://images.pokemontcg.io/sv6/1_hires.png,1,QA stand-in card art for Twilight Masquerade Bundle,Traditional Chinese,Twilight Masquerade,Bundle,2024-05-24
[QA] Crown Zenith Elite Trainer Box,qa-crown-zenith-elite-trainer-box-tc,QA dummy product for storefront layout and checkout tests. Not real inventory. Delete before launch.,QA,Sealed Product,"qa-only, qa, traditional-chinese, elite-trainer-box",true,active,PP-QA-TC-CROWNZEN-ETB-001,Title,Default Title,53.99,shopify,5,deny,true,true,695,g,Traditional Chinese,https://images.pokemontcg.io/swsh12pt5/1_hires.png,1,QA stand-in card art for Crown Zenith Elite Trainer Box,Traditional Chinese,Crown Zenith,Elite Trainer Box,2023-01-20
[QA] Hidden Fates Mini Tin,qa-hidden-fates-mini-tin,QA dummy product for storefront layout and checkout tests. Not real inventory. Delete before launch.,QA,Sealed Product,"qa-only, qa, traditional-chinese, tin",true,active,PP-QA-TC-HIDDENFA-TIN-001,Title,Default Title,17.99,shopify,13,deny,true,true,225,g,Traditional Chinese,https://images.pokemontcg.io/sm115/1_hires.png,1,QA stand-in card art for Hidden Fates Tin,Traditional Chinese,Hidden Fates,Tin,2019-08-23
[QA] Brilliant Stars Booster Pack,qa-brilliant-stars-booster-pack,QA dummy product for storefront layout and checkout tests. Not real inventory. Delete before launch.,QA,Sealed Product,"qa-only, qa, traditional-chinese, pack",true,active,PP-QA-TC-BRILLIAN-PK-001,Title,Default Title,5.29,shopify,18,deny,true,true,20,g,Traditional Chinese,https://images.pokemontcg.io/swsh9/1_hires.png,1,QA stand-in card art for Brilliant Stars Pack,Traditional Chinese,Brilliant Stars,Pack,2022-02-25
[QA] Paradox Rift Booster Box,qa-paradox-rift-booster-box,QA dummy product for storefront layout and checkout tests. Not real inventory. Delete before launch.,QA,Sealed Product,"qa-only, qa, traditional-chinese, booster-box",true,active,PP-QA-TC-PARADOXR-BBX-001,Title,Default Title,87.99,shopify,3,deny,true,true,1000,g,Traditional Chinese,https://images.pokemontcg.io/sv4/1_hires.png,1,QA stand-in card art for Paradox Rift Booster Box,Traditional Chinese,Paradox Rift,Booster Box,2023-11-03
[QA] Mega Evolution Collection Box,qa-mega-evolution-collection-box,QA dummy product for storefront layout and checkout tests. Not real inventory. Delete before launch.,QA,Sealed Product,"qa-only, qa, traditional-chinese, collection-box",true,active,PP-QA-TC-MEGAEVOL-BOX-001,Title,Default Title,38.99,shopify,7,deny,true,true,510,g,Traditional Chinese,https://images.pokemontcg.io/me1/1_hires.png,1,QA stand-in card art for Mega Evolution Collection Box,Traditional Chinese,Mega Evolution,Collection Box,2025-09-26
